{"accuracy": [0.8577454090118408, 0.900306761264801, 0.9085506200790405, 0.9344325065612793, 0.9371165633201599, 0.9426763653755188, 0.9422929286956787, 0.9468941688537598, 0.952262282371521, 0.9537960290908813], "loss": [0.31611889600753784, 0.24721257388591766, 0.23633530735969543, 0.17855335772037506, 0.1676783710718155, 0.15251533687114716, 0.14664410054683685, 0.13566569983959198, 0.13035757839679718, 0.1258855164051056], "val_accuracy": [0.6233552694320679, 0.6217105388641357, 0.625, 0.6233552694320679, 0.6907894611358643, 0.7319079041481018, 0.8651315569877625, 0.8832237124443054, 0.9128289222717285, 0.9177631735801697], "val_loss": [0.6806346774101257, 0.6641366481781006, 0.6591061949729919, 0.8920822143554688, 0.8968011736869812, 0.757294237613678, 0.4116708040237427, 0.3581579625606537, 0.2924611568450928, 0.30351895093917847], "learning_rate": [0.0010000000474974513, 0.0010000000474974513, 0.0010000000474974513, 0.0003000000142492354, 0.0003000000142492354, 0.0003000000142492354, 0.0003000000142492354, 9.000000136438757e-05, 9.000000136438757e-05, 2.700000004551839e-05]}